GEOID,County_Name,EJScreen_BlockGroup_Count,EJScreen_Pop_Weighted_Minority_Pct,EJScreen_Pop_Weighted_LowIncome_Pct,EJScreen_Pop_Weighted_PM25,EJScreen_Pop_Weighted_Ozone,EJScreen_Pop_Weighted_DieselPM,EJScreen_Pop_Weighted_PM25_Pctl,EJScreen_Pop_Weighted_Ozone_Pctl,EJScreen_Pop_Weighted_DieselPM_Pctl,EJScreen_Pop_Weighted_CancerRisk_Pctl,EJScreen_Pop_Weighted_RespHazard_Pctl,EJScreen_Pop_Weighted_TrafficProx_Pctl,EJScreen_Pollution_Burden_Index,EJScreen_Demographic_Burden_Index,EJScreen_Justice_Index,E_TOTPOP,EP_POV150,EP_HBURD,EP_NOHSDP,EP_NOVEH,EP_UNEMP,EP_UNINSUR,EP_GROUPQ,CDC_SVI_Overall_Pctl,CDC_SVI_Theme1_SES_Pctl,CDC_SVI_Theme2_HHDisability_Pctl,CDC_SVI_Theme3_MinorityLanguage_Pctl,CDC_SVI_Theme4_HousingTransport_Pctl,Justice_EJ_Burden_Index,Justice_CDC_SVI_Index,Social_Environmental_Justice_Index,Justice_Data_Coverage_Pct,Justice_Source
17001,Adams County,61,8.16,30.42,8.65,45.62,0.28,53.01,74.6,32.72,23.39,21.4,38.24,40.56,19.29,32.05,65670,20.9,20.0,7.8,7.3,4.1,4.8,2.1,28.29,16.96,41.95,27.78,56.52,32.05,28.29,29.75,100.0,EPA EJScreen Feature Service (Esri US Federal Data catalog) + CDC/ATSDR SVI 2020 USA Feature Service (data_cdc)
17003,Alexander County,9,37.8,51.56,9.31,46.16,0.38,75.08,77.74,47.88,43.79,39.78,31.1,52.56,44.68,49.41,6011,37.9,27.5,14.2,10.4,7.7,7.9,2.6,92.3,88.96,91.15,76.42,83.23,49.41,92.3,81.21,100.0,EPA EJScreen Feature Service (Esri US Federal Data catalog) + CDC/ATSDR SVI 2020 USA Feature Service (data_cdc)
17005,Bond County,15,12.01,32.06,8.95,48.11,0.25,63.0,85.6,27.5,22.81,22.51,23.46,40.81,22.04,33.3,16520,24.8,19.2,10.1,7.2,2.6,6.1,10.8,43.35,22.18,9.55,39.08,98.31,33.3,43.35,37.99,100.0,EPA EJScreen Feature Service (Esri US Federal Data catalog) + CDC/ATSDR SVI 2020 USA Feature Service (data_cdc)
17007,Boone County,27,26.56,29.17,8.31,44.32,0.3,40.92,65.46,36.57,17.82,17.47,33.3,35.26,27.86,32.3,53293,14.7,25.9,13.3,3.4,7.5,5.3,0.7,41.53,51.85,69.45,65.02,8.5,32.3,41.53,35.84,100.0,EPA EJScreen Feature Service (Esri US Federal Data catalog) + CDC/ATSDR SVI 2020 USA Feature Service (data_cdc)
17009,Brown County,6,26.1,29.36,8.5,45.64,0.17,47.51,74.68,13.74,14.89,12.64,22.21,30.94,27.73,29.66,6599,23.1,14.6,17.6,5.8,3.1,6.2,28.1,45.54,27.18,13.02,63.53,91.44,29.66,45.54,33.98,100.0,EPA EJScreen Feature Service (Esri US Federal Data catalog) + CDC/ATSDR SVI 2020 USA Feature Service (data_cdc)
17011,Bureau County,37,11.98,29.83,8.57,45.26,0.24,50.25,72.56,25.9,12.01,11.09,24.92,32.79,20.9,28.03,32878,21.8,19.7,9.3,5.8,5.0,4.8,1.3,27.21,25.18,66.71,40.23,15.88,28.03,27.21,23.8,100.0,EPA EJScreen Feature Service (Esri US Federal Data catalog) + CDC/ATSDR SVI 2020 USA Feature Service (data_cdc)
17013,Calhoun County,5,3.03,28.27,8.78,46.85,0.29,57.56,81.04,33.96,31.13,28.87,,46.51,15.65,34.17,4782,14.4,16.0,6.4,3.3,4.4,1.0,2.6,3.09,4.2,17.31,3.44,9.36,34.17,3.09,21.7,100.0,EPA EJScreen Feature Service (Esri US Federal Data catalog) + CDC/ATSDR SVI 2020 USA Feature Service (data_cdc)
17015,Carroll County,18,6.75,28.6,8.0,42.67,0.23,31.99,48.89,23.62,10.25,9.28,29.62,25.61,17.68,22.44,14398,17.9,19.1,9.9,4.6,5.8,5.3,4.0,14.7,25.43,10.6,20.94,22.37,22.44,14.7,10.74,100.0,EPA EJScreen Feature Service (Esri US Federal Data catalog) + CDC/ATSDR SVI 2020 USA Feature Service (data_cdc)
17017,Cass County,15,24.03,37.63,8.71,46.12,0.27,55.18,77.52,30.79,18.22,19.46,34.47,39.27,30.83,35.89,12324,24.1,19.5,16.6,5.9,6.4,4.8,1.3,55.32,49.11,81.32,62.32,31.51,35.89,55.32,46.72,100.0,EPA EJScreen Feature Service (Esri US Federal Data catalog) + CDC/ATSDR SVI 2020 USA Feature Service (data_cdc)
17019,Champaign County,150,32.32,40.4,8.71,45.97,0.33,55.34,76.63,40.64,25.66,22.29,51.97,45.42,36.36,41.8,210006,26.6,29.2,5.1,11.6,4.8,4.4,7.3,56.05,38.54,5.22,72.12,99.05,41.8,56.05,55.09,100.0,EPA EJScreen Feature Service (Esri US Federal Data catalog) + CDC/ATSDR SVI 2020 USA Feature Service (data_cdc)
17021,Christian County,37,4.89,33.65,9.03,47.66,0.23,65.65,84.44,24.75,17.14,16.78,29.7,39.74,19.27,31.55,32705,23.2,19.8,11.8,4.8,3.4,4.8,5.2,18.08,23.74,14.74,9.07,35.87,31.55,18.08,24.63,100.0,EPA EJScreen Feature Service (Esri US Federal Data catalog) + CDC/ATSDR SVI 2020 USA Feature Service (data_cdc)
17023,Clark County,20,3.42,33.87,8.98,46.24,0.22,63.92,78.25,23.35,17.03,15.58,18.3,36.07,18.64,29.1,15602,18.4,16.7,6.8,4.3,4.0,3.7,1.3,7.1,6.52,54.49,2.23,7.35,29.1,7.1,16.53,100.0,EPA EJScreen Feature Service (Esri US Federal Data catalog) + CDC/ATSDR SVI 2020 USA Feature Service (data_cdc)
17025,Clay County,10,3.79,35.1,9.03,47.2,0.2,65.56,83.03,18.37,19.97,18.04,17.31,37.05,19.44,30.01,13217,25.9,16.5,12.3,4.2,5.6,5.2,2.7,39.97,36.16,71.1,4.26,43.38,30.01,39.97,32.04,100.0,EPA EJScreen Feature Service (Esri US Federal Data catalog) + CDC/ATSDR SVI 2020 USA Feature Service (data_cdc)
17027,Clinton County,31,8.47,23.12,9.1,48.43,0.22,67.63,86.19,23.41,27.27,24.35,17.84,41.11,15.8,30.99,37549,16.4,17.8,9.8,4.4,3.1,4.1,5.9,13.21,7.99,9.29,28.55,50.7,30.99,13.21,21.76,100.0,EPA EJScreen Feature Service (Esri US Federal Data catalog) + CDC/ATSDR SVI 2020 USA Feature Service (data_cdc)
17029,Coles County,51,9.0,42.35,9.01,47.02,0.24,65.1,82.23,26.1,16.92,16.36,43.73,41.74,25.68,35.32,51065,29.7,25.9,9.1,8.2,6.8,7.0,7.7,54.07,67.57,6.33,30.01,87.68,35.32,54.07,45.4,100.0,EPA EJScreen Feature Service (Esri US Federal Data catalog) + CDC/ATSDR SVI 2020 USA Feature Service (data_cdc)
17031,Cook County,3993,57.54,33.2,9.39,46.69,1.02,77.49,80.24,88.98,73.58,68.6,61.53,75.07,45.37,63.19,5169517,21.8,31.8,12.3,17.7,7.0,8.7,1.8,80.04,75.4,39.5,91.6,87.62,63.19,80.04,94.68,100.0,EPA EJScreen Feature Service (Esri US Federal Data catalog) + CDC/ATSDR SVI 2020 USA Feature Service (data_cdc)
17033,Crawford County,20,11.88,29.59,9.01,46.47,0.21,64.94,79.58,20.93,34.47,21.34,21.18,40.41,20.74,32.54,18833,20.3,20.2,13.9,5.9,4.0,6.8,12.7,41.57,33.13,29.54,29.28,74.86,32.54,41.57,36.18,100.0,EPA EJScreen Feature Service (Esri US Federal Data catalog) + CDC/ATSDR SVI 2020 USA Feature Service (data_cdc)
17035,Cumberland County,11,3.29,30.0,9.08,47.23,0.21,67.18,83.01,20.38,16.23,15.54,17.79,36.69,16.64,28.67,10787,19.8,14.7,8.1,3.2,2.3,4.9,1.2,1.75,6.24,7.96,2.39,6.05,28.67,1.75,13.62,100.0,EPA EJScreen Feature Service (Esri US Federal Data catalog) + CDC/ATSDR SVI 2020 USA Feature Service (data_cdc)
17037,DeKalb County,60,22.8,33.68,8.53,45.1,0.35,48.74,71.77,44.18,19.92,17.36,38.72,40.11,28.24,35.36,104588,21.6,30.1,7.9,6.5,6.6,5.1,4.3,49.52,50.45,18.36,60.85,67.54,35.36,49.52,43.48,100.0,EPA EJScreen Feature Service (Esri US Federal Data catalog) + CDC/ATSDR SVI 2020 USA Feature Service (data_cdc)
17039,De Witt County,15,5.29,26.76,8.97,46.86,0.21,63.78,81.65,21.69,13.61,12.86,33.27,37.81,16.03,29.1,15764,20.8,19.2,7.3,3.4,4.8,3.9,1.7,4.39,16.01,5.47,12.6,5.44,29.1,4.39,15.35,100.0,EPA EJScreen Feature Service (Esri US Federal Data catalog) + CDC/ATSDR SVI 2020 USA Feature Service (data_cdc)
17041,Douglas County,19,9.59,31.36,8.83,46.65,0.22,59.36,80.51,23.42,14.38,44.95,19.25,40.31,20.48,32.38,19551,21.3,23.0,16.5,13.0,3.2,15.9,1.0,53.53,59.8,38.29,32.18,61.08,32.38,53.53,41.16,100.0,EPA EJScreen Feature Service (Esri US Federal Data catalog) + CDC/ATSDR SVI 2020 USA Feature Service (data_cdc)
17043,DuPage County,617,32.7,17.61,9.65,46.43,0.77,84.95,79.24,84.26,65.53,56.45,58.46,71.48,25.16,52.95,926005,10.7,23.6,6.7,4.0,4.4,5.4,1.4,21.99,16.68,18.52,72.37,29.89,52.95,21.99,55.51,100.0,EPA EJScreen Feature Service (Esri US Federal Data catalog) + CDC/ATSDR SVI 2020 USA Feature Service (data_cdc)
17045,Edgar County,20,3.02,30.8,8.85,45.84,0.22,59.73,75.83,23.4,14.98,16.37,30.33,36.78,16.91,28.83,17272,19.7,19.5,10.0,9.3,4.5,4.8,2.0,25.21,20.31,54.61,1.69,40.61,28.83,25.21,24.02,100.0,EPA EJScreen Feature Service (Esri US Federal Data catalog) + CDC/ATSDR SVI 2020 USA Feature Service (data_cdc)
17047,Edwards County,8,3.41,28.52,9.02,46.28,0.19,65.17,78.46,17.15,24.54,20.96,33.0,39.88,15.96,30.31,6431,20.0,15.9,7.8,5.1,7.7,6.1,0.8,23.49,26.96,70.78,2.39,15.44,30.31,23.49,25.29,100.0,EPA EJScreen Feature Service (Esri US Federal Data catalog) + CDC/ATSDR SVI 2020 USA Feature Service (data_cdc)
17049,Effingham County,25,4.08,28.47,9.13,48.05,0.26,68.95,85.49,29.68,22.49,21.56,34.3,43.74,16.27,32.75,34151,19.2,14.9,6.9,6.5,2.6,5.4,1.5,21.29,5.7,50.03,5.89,66.26,32.75,21.29,27.66,100.0,EPA EJScreen Feature Service (Esri US Federal Data catalog) + CDC/ATSDR SVI 2020 USA Feature Service (data_cdc)
17051,Fayette County,23,7.9,42.97,8.98,48.0,0.22,63.91,85.39,22.42,19.49,18.11,26.69,39.33,25.44,33.77,21418,25.6,19.3,13.5,4.2,4.4,7.7,7.4,47.26,44.21,65.66,24.09,50.48,33.77,47.26,40.33,100.0,EPA EJScreen Feature Service (Esri US Federal Data catalog) + CDC/ATSDR SVI 2020 USA Feature Service (data_cdc)
17053,Ford County,16,6.16,32.42,8.51,45.41,0.21,47.79,73.51,20.18,9.99,9.31,15.27,29.34,19.29,25.32,13155,22.5,20.4,8.8,6.3,4.4,4.9,3.0,24.28,23.42,45.13,20.94,28.77,25.32,24.28,18.83,100.0,EPA EJScreen Feature Service (Esri US Federal Data catalog) + CDC/ATSDR SVI 2020 USA Feature Service (data_cdc)
17055,Franklin County,41,4.09,42.81,9.33,46.79,0.26,75.66,81.27,28.97,34.21,30.18,35.06,47.56,23.45,37.92,38688,31.0,24.7,11.2,7.8,7.2,5.7,1.3,54.71,68.71,60.5,5.89,47.8,37.92,54.71,49.22,100.0,EPA EJScreen Feature Service (Esri US Federal Data catalog) + CDC/ATSDR SVI 2020 USA Feature Service (data_cdc)
17057,Fulton County,43,8.1,36.92,8.76,46.35,0.2,57.08,78.86,19.81,13.83,12.41,28.87,35.14,22.51,30.09,34654,23.0,19.2,10.7,5.1,6.8,5.7,7.0,23.3,40.67,11.55,26.58,24.82,30.09,23.3,24.91,100.0,EPA EJScreen Feature Service (Esri US Federal Data catalog) + CDC/ATSDR SVI 2020 USA Feature Service (data_cdc)
17059,Gallatin County,7,4.29,42.75,8.94,45.63,0.18,62.69,74.65,16.41,30.07,28.74,13.81,37.73,23.52,32.05,4983,31.3,18.9,13.4,7.1,8.7,3.4,0.2,48.28,54.2,90.13,6.43,24.28,32.05,48.28,38.43,100.0,EPA EJScreen Feature Service (Esri US Federal Data catalog) + CDC/ATSDR SVI 2020 USA Feature Service (data_cdc)
17061,Greene County,17,3.57,36.17,8.72,46.66,0.21,55.79,80.62,20.82,23.66,20.72,26.84,38.08,19.87,30.8,12988,22.7,18.5,7.2,3.3,2.9,5.6,2.2,5.44,12.99,23.17,3.02,5.22,30.8,5.44,18.12,100.0,EPA EJScreen Feature Service (Esri US Federal Data catalog) + CDC/ATSDR SVI 2020 USA Feature Service (data_cdc)
17063,Grundy County,34,13.48,20.34,8.6,45.91,0.35,51.09,76.23,43.78,18.47,21.69,37.71,41.49,16.91,31.66,50798,13.4,20.3,6.4,4.1,4.4,3.6,0.8,7.99,8.56,27.47,43.95,6.52,31.66,7.99,20.4,100.0,EPA EJScreen Feature Service (Esri US Federal Data catalog) + CDC/ATSDR SVI 2020 USA Feature Service (data_cdc)
17065,Hamilton County,10,3.66,27.97,9.04,46.28,0.19,65.89,78.48,17.77,24.88,22.36,5.18,35.76,15.82,27.78,8151,24.7,17.0,13.5,5.7,3.5,8.4,1.4,31.19,33.58,65.79,5.06,28.17,27.78,31.19,25.18,100.0,EPA EJScreen Feature Service (Esri US Federal Data catalog) + CDC/ATSDR SVI 2020 USA Feature Service (data_cdc)
17067,Hancock County,22,3.74,31.7,8.5,45.05,0.2,47.37,71.47,19.81,13.89,12.93,19.58,30.84,17.72,25.59,17820,21.8,13.4,6.6,5.2,5.6,3.6,1.5,8.91,13.62,29.44,5.47,11.39,25.59,8.91,12.53,100.0,EPA EJScreen Feature Service (Esri US Federal Data catalog) + CDC/ATSDR SVI 2020 USA Feature Service (data_cdc)
17069,Hardin County,6,5.39,38.32,8.89,45.36,0.19,61.27,73.24,18.08,33.29,39.21,,45.02,21.86,35.76,3890,23.3,8.1,13.3,7.6,6.3,5.5,2.8,30.49,34.91,40.17,3.85,42.62,35.76,30.49,35.76,100.0,EPA EJScreen Feature Service (Esri US Federal Data catalog) + CDC/ATSDR SVI 2020 USA Feature Service (data_cdc)
17071,Henderson County,9,3.83,29.96,8.41,44.78,0.21,44.43,69.59,21.24,11.02,11.34,12.39,28.34,16.9,23.76,6737,16.3,13.9,8.0,2.9,6.2,4.2,0.8,2.71,13.91,9.01,6.43,2.71,23.76,2.71,7.34,100.0,EPA EJScreen Feature Service (Esri US Federal Data catalog) + CDC/ATSDR SVI 2020 USA Feature Service (data_cdc)
17073,Henry County,52,9.38,27.19,8.57,44.7,0.22,50.16,68.72,23.52,11.01,11.29,25.3,31.66,18.28,26.31,49032,17.5,16.9,7.6,5.8,4.2,4.5,1.4,11.68,8.98,43.35,31.89,12.99,26.31,11.68,14.71,100.0,EPA EJScreen Feature Service (Esri US Federal Data catalog) + CDC/ATSDR SVI 2020 USA Feature Service (data_cdc)
17075,Iroquois County,32,9.92,34.15,8.35,44.8,0.23,42.1,69.72,24.07,9.41,9.25,24.54,29.85,22.04,26.73,27437,22.9,23.0,11.9,4.7,5.7,6.2,1.7,38.13,50.89,66.1,33.55,13.46,26.73,38.13,26.77,100.0,EPA EJScreen Feature Service (Esri US Federal Data catalog) + CDC/ATSDR SVI 2020 USA Feature Service (data_cdc)
17077,Jackson County,53,25.84,49.07,9.4,46.88,0.27,78.0,81.73,31.12,44.61,35.37,39.2,51.67,37.46,45.99,57517,35.2,32.9,7.4,12.2,8.9,6.9,6.8,78.9,77.91,29.31,63.53,95.13,45.99,78.9,70.73,100.0,EPA EJScreen Feature Service (Esri US Federal Data catalog) + CDC/ATSDR SVI 2020 USA Feature Service (data_cdc)
17079,Jasper County,13,2.83,28.97,9.08,47.09,0.2,67.17,82.7,18.67,17.51,16.22,5.6,34.65,15.9,27.15,9547,19.7,19.3,7.4,5.4,4.4,6.7,0.8,21.58,19.41,60.6,0.86,26.45,27.15,21.58,20.15,100.0,EPA EJScreen Feature Service (Esri US Federal Data catalog) + CDC/ATSDR SVI 2020 USA Feature Service (data_cdc)
17081,Jefferson County,37,14.32,37.69,9.19,47.13,0.28,70.83,82.75,32.31,29.53,27.85,30.02,45.55,26.0,37.73,37774,24.0,22.1,10.9,6.9,6.2,6.2,5.8,71.74,50.32,75.02,46.05,90.29,37.73,71.74,56.36,100.0,EPA EJScreen Feature Service (Esri US Federal Data catalog) + CDC/ATSDR SVI 2020 USA Feature Service (data_cdc)
17083,Jersey County,18,4.11,23.04,8.96,48.07,0.28,63.45,85.46,32.82,36.92,30.62,27.72,46.17,13.58,33.13,21776,14.6,19.8,6.9,2.9,4.3,3.9,4.6,3.41,9.17,5.28,6.43,10.69,33.13,3.41,20.42,100.0,EPA EJScreen Feature Service (Esri US Federal Data catalog) + CDC/ATSDR SVI 2020 USA Feature Service (data_cdc)
17085,Jo Daviess County,26,5.22,24.74,7.68,41.77,0.21,24.15,41.56,21.29,8.6,8.32,28.07,22.0,14.98,19.19,21429,17.0,21.2,7.6,5.4,2.4,5.1,0.9,8.94,10.31,33.48,11.81,11.97,19.19,8.94,3.81,100.0,EPA EJScreen Feature Service (Esri US Federal Data catalog) + CDC/ATSDR SVI 2020 USA Feature Service (data_cdc)
17087,Johnson County,12,15.51,44.43,9.14,46.27,0.2,69.03,78.39,19.43,35.06,30.23,11.14,40.55,29.97,36.32,12391,20.2,17.8,17.7,4.4,3.7,4.0,18.1,29.12,22.95,30.49,44.43,46.47,36.32,29.12,35.93,100.0,EPA EJScreen Feature Service (Esri US Federal Data catalog) + CDC/ATSDR SVI 2020 USA Feature Service (data_cdc)
17089,Kane County,274,42.67,25.57,9.12,46.21,0.57,68.76,78.05,70.16,34.3,36.23,45.44,55.49,34.12,46.94,531756,15.2,25.5,14.3,4.3,5.0,8.2,1.0,49.4,50.99,49.71,82.24,28.9,46.94,49.4,59.22,100.0,EPA EJScreen Feature Service (Esri US Federal Data catalog) + CDC/ATSDR SVI 2020 USA Feature Service (data_cdc)
17091,Kankakee County,84,27.83,30.99,8.51,45.35,0.34,47.89,73.2,41.75,22.22,25.99,47.06,43.02,29.41,37.58,109924,22.3,28.6,11.7,7.2,5.4,5.4,5.0,69.7,54.58,64.0,66.3,80.3,37.58,69.7,55.27,100.0,EPA EJScreen Feature Service (Esri US Federal Data catalog) + CDC/ATSDR SVI 2020 USA Feature Service (data_cdc)
17093,Kendall County,39,29.69,18.4,8.99,46.12,0.43,64.45,77.51,55.33,26.64,27.06,39.35,48.39,24.04,38.65,127583,6.7,21.8,7.7,2.5,4.1,4.3,0.3,12.22,11.08,50.38,70.27,2.93,38.65,12.22,31.77,100.0,EPA EJScreen Feature Service (Esri US Federal Data catalog) + CDC/ATSDR SVI 2020 USA Feature Service (data_cdc)
17095,Knox County,58,17.01,39.79,8.62,45.29,0.31,51.96,72.88,37.72,13.97,14.15,40.87,38.59,28.4,34.51,50052,29.0,24.5,11.3,9.7,5.2,5.2,8.7,64.23,55.44,45.64,51.15,83.04,34.51,64.23,48.71,100.0,EPA EJScreen Feature Service (Esri US Federal Data catalog) + CDC/ATSDR SVI 2020 USA Feature Service (data_cdc)
17097,Lake County,402,37.81,22.38,8.44,46.93,0.51,45.92,81.47,64.03,54.93,28.0,47.55,53.65,30.1,44.23,699682,13.6,23.7,9.2,5.0,5.3,6.4,2.7,46.63,31.6,41.88,78.55,57.42,44.23,46.63,54.32,100.0,EPA EJScreen Feature Service (Esri US Federal Data catalog) + CDC/ATSDR SVI 2020 USA Feature Service (data_cdc)
17099,LaSalle County,105,14.2,30.2,8.55,45.67,0.29,49.48,74.87,34.94,19.33,16.33,34.86,38.3,22.2,31.86,108998,20.3,21.4,10.4,5.5,6.0,4.0,3.1,38.26,33.04,49.78,45.74,39.5,31.86,38.26,33.82,100.0,EPA EJScreen Feature Service (Esri US Federal Data catalog) + CDC/ATSDR SVI 2020 USA Feature Service (data_cdc)
17101,Lawrence County,18,15.31,39.97,9.01,46.49,0.2,65.13,79.73,18.76,21.61,19.44,21.73,37.73,27.64,33.69,15830,24.3,16.9,15.0,3.8,4.6,7.8,15.0,48.06,40.87,32.91,46.56,71.36,33.69,48.06,40.57,100.0,EPA EJScreen Feature Service (Esri US Federal Data catalog) + CDC/ATSDR SVI 2020 USA Feature Service (data_cdc)
17103,Lee County,38,13.55,27.96,8.38,44.23,0.25,43.24,64.09,28.4,12.98,11.94,32.59,32.2,20.76,27.62,34204,19.6,22.2,10.4,9.3,3.3,3.6,9.7,31.89,18.71,26.83,43.41,69.67,27.62,31.89,25.27,100.0,EPA EJScreen Feature Service (Esri US Federal Data catalog) + CDC/ATSDR SVI 2020 USA Feature Service (data_cdc)
17105,Livingston County,35,10.75,31.73,8.5,45.81,0.22,47.38,75.66,23.25,11.47,10.07,26.77,32.43,21.24,27.95,35757,20.7,22.4,10.2,6.2,4.9,4.7,6.2,38.06,31.19,40.29,35.52,55.0,27.95,38.06,28.4,100.0,EPA EJScreen Feature Service (Esri US Federal Data catalog) + CDC/ATSDR SVI 2020 USA Feature Service (data_cdc)
17107,Logan County,29,13.49,24.93,9.08,47.02,0.23,67.24,82.4,23.71,14.7,14.66,32.03,39.12,19.21,31.16,28818,17.7,19.4,10.0,5.6,5.7,3.7,13.8,18.14,21.45,3.47,43.0,45.39,31.16,18.14,24.13,100.0,EPA EJScreen Feature Service (Esri US Federal Data catalog) + CDC/ATSDR SVI 2020 USA Feature Service (data_cdc)
17109,McDonough County,34,11.86,39.43,8.55,45.33,0.23,49.4,73.11,24.23,15.0,14.05,32.56,34.73,25.64,31.09,30107,30.9,28.2,4.8,10.0,9.1,5.4,10.7,46.12,60.66,2.64,39.34,81.73,31.09,46.12,36.18,100.0,EPA EJScreen Feature Service (Esri US Federal Data catalog) + CDC/ATSDR SVI 2020 USA Feature Service (data_cdc)
17111,McHenry County,164,18.45,17.8,8.5,45.67,0.4,47.94,74.86,51.18,22.14,21.0,38.55,42.61,18.12,32.81,307291,9.9,22.8,6.7,3.8,4.7,4.9,0.6,11.52,15.47,28.58,54.39,6.02,32.81,11.52,23.5,100.0,EPA EJScreen Feature Service (Esri US Federal Data catalog) + CDC/ATSDR SVI 2020 USA Feature Service (data_cdc)
17113,McLean County,108,20.52,29.75,8.97,46.49,0.35,63.58,79.73,43.32,20.39,19.27,51.13,46.24,25.14,37.8,172164,21.6,21.3,3.8,6.4,3.3,4.0,4.8,20.05,10.69,6.84,56.21,63.65,37.8,20.05,34.01,100.0,EPA EJScreen Feature Service (Esri US Federal Data catalog) + CDC/ATSDR SVI 2020 USA Feature Service (data_cdc)
17115,Macon County,99,23.52,34.18,9.28,47.7,0.29,73.93,84.59,33.92,29.75,20.41,44.92,47.92,28.85,40.29,104688,23.9,22.0,8.7,9.6,7.7,4.3,3.5,52.58,42.11,47.29,61.46,64.93,40.29,52.58,51.53,100.0,EPA EJScreen Feature Service (Esri US Federal Data catalog) + CDC/ATSDR SVI 2020 USA Feature Service (data_cdc)
17117,Macoupin County,52,3.83,31.46,8.91,47.58,0.24,61.74,83.98,25.35,24.63,21.47,27.45,40.77,17.64,31.52,45243,22.9,20.4,8.4,4.2,5.5,4.1,2.0,13.88,27.63,22.12,5.47,13.72,31.52,13.88,22.77,100.0,EPA EJScreen Feature Service (Esri US Federal Data catalog) + CDC/ATSDR SVI 2020 USA Feature Service (data_cdc)
17119,Madison County,195,14.74,28.6,9.2,49.4,0.41,71.42,87.48,52.13,60.9,44.39,42.42,59.79,21.67,44.54,264403,19.3,23.2,7.3,5.5,5.4,4.9,2.1,25.81,28.01,30.59,46.82,26.99,44.54,25.81,45.7,100.0,EPA EJScreen Feature Service (Esri US Federal Data catalog) + CDC/ATSDR SVI 2020 USA Feature Service (data_cdc)
17121,Marion County,43,8.7,40.13,9.1,47.76,0.27,67.96,84.77,30.07,35.3,30.17,33.07,46.89,24.42,37.9,37524,26.9,20.7,10.5,6.1,8.8,6.5,2.0,55.47,57.48,63.08,30.46,52.74,37.9,55.47,49.52,100.0,EPA EJScreen Feature Service (Esri US Federal Data catalog) + CDC/ATSDR SVI 2020 USA Feature Service (data_cdc)
17123,Marshall County,12,5.23,27.34,8.72,46.33,0.24,55.82,78.78,25.82,11.76,11.1,14.61,32.98,16.28,26.3,11562,19.2,17.5,7.6,3.9,4.4,4.5,2.4,6.81,11.55,15.66,14.45,11.23,26.3,6.81,12.58,100.0,EPA EJScreen Feature Service (Esri US Federal Data catalog) + CDC/ATSDR SVI 2020 USA Feature Service (data_cdc)
17125,Mason County,20,3.41,38.98,8.88,46.62,0.21,60.71,80.4,20.63,14.26,13.33,17.52,34.47,21.2,29.16,13486,23.7,19.4,10.9,4.5,6.1,5.5,1.7,14.93,39.08,30.27,2.86,5.76,29.16,14.93,20.01,100.0,EPA EJScreen Feature Service (Esri US Federal Data catalog) + CDC/ATSDR SVI 2020 USA Feature Service (data_cdc)
17127,Massac County,14,11.54,40.48,9.19,46.04,0.28,70.95,77.03,32.21,42.62,46.6,22.66,48.68,26.01,39.61,14041,26.0,23.6,11.3,6.3,5.6,7.1,2.3,58.56,57.96,34.5,39.34,78.01,39.61,58.56,53.2,100.0,EPA EJScreen Feature Service (Esri US Federal Data catalog) + CDC/ATSDR SVI 2020 USA Feature Service (data_cdc)
17129,Menard County,13,4.33,24.95,8.99,46.73,0.19,64.3,81.01,17.58,15.26,14.14,,38.46,14.64,28.93,12261,14.1,13.6,4.8,4.1,4.9,2.4,1.0,1.65,3.66,18.27,7.03,2.99,28.93,1.65,13.93,100.0,EPA EJScreen Feature Service (Esri US Federal Data catalog) + CDC/ATSDR SVI 2020 USA Feature Service (data_cdc)
17131,Mercer County,19,4.46,25.35,8.37,44.39,0.19,43.0,66.13,17.97,10.4,10.81,14.77,27.18,14.9,22.27,15503,18.7,19.0,7.8,4.9,4.1,3.5,1.4,5.98,10.66,19.86,9.07,8.34,22.27,5.98,6.73,100.0,EPA EJScreen Feature Service (Esri US Federal Data catalog) + CDC/ATSDR SVI 2020 USA Feature Service (data_cdc)
17133,Monroe County,15,3.58,14.08,8.82,47.04,0.36,58.8,82.34,44.68,48.77,42.16,37.67,52.4,8.83,34.97,34444,7.2,17.6,4.2,2.9,2.4,2.5,0.7,0.16,0.38,4.74,3.02,0.76,34.97,0.16,21.52,100.0,EPA EJScreen Feature Service (Esri US Federal Data catalog) + CDC/ATSDR SVI 2020 USA Feature Service (data_cdc)
17135,Montgomery County,28,7.98,33.53,8.92,47.69,0.22,62.15,84.55,23.24,19.64,18.54,30.58,39.78,20.76,32.17,28598,23.9,19.7,11.9,6.7,4.5,4.0,10.5,25.05,29.03,8.78,21.48,57.7,32.17,25.05,28.51,100.0,EPA EJScreen Feature Service (Esri US Federal Data catalog) + CDC/ATSDR SVI 2020 USA Feature Service (data_cdc)
17137,Morgan County,35,11.5,34.27,8.81,46.33,0.24,58.65,78.77,26.61,18.78,16.91,32.55,38.71,22.88,32.38,34012,24.5,23.4,10.2,7.5,5.5,3.8,9.3,52.45,40.87,53.82,38.45,73.17,32.38,52.45,40.69,100.0,EPA EJScreen Feature Service (Esri US Federal Data catalog) + CDC/ATSDR SVI 2020 USA Feature Service (data_cdc)
17139,Moultrie County,14,3.13,28.65,9.01,47.56,0.2,64.81,84.13,19.2,13.92,13.14,24.06,36.55,15.89,28.29,14557,17.5,16.7,14.0,12.9,3.1,14.2,2.4,35.58,32.94,26.1,2.39,75.56,28.29,35.58,27.79,100.0,EPA EJScreen Feature Service (Esri US Federal Data catalog) + CDC/ATSDR SVI 2020 USA Feature Service (data_cdc)
17141,Ogle County,44,12.95,28.33,8.29,44.0,0.25,40.39,61.75,28.0,12.33,12.22,27.31,30.33,20.64,26.45,50793,18.3,20.4,9.6,6.7,6.2,4.4,1.2,34.85,27.82,56.02,43.41,36.22,26.45,34.85,24.96,100.0,EPA EJScreen Feature Service (Esri US Federal Data catalog) + CDC/ATSDR SVI 2020 USA Feature Service (data_cdc)
17143,Peoria County,141,29.89,34.44,9.22,47.41,0.38,72.02,83.59,47.76,28.11,23.74,48.92,50.69,32.16,43.28,181111,24.0,25.4,8.2,9.6,7.6,6.2,2.9,67.85,55.7,61.43,69.29,74.35,43.28,67.85,62.24,100.0,EPA EJScreen Feature Service (Esri US Federal Data catalog) + CDC/ATSDR SVI 2020 USA Feature Service (data_cdc)
17145,Perry County,22,14.15,35.2,9.28,47.18,0.23,73.85,82.98,23.88,31.62,26.77,27.5,44.43,24.68,36.53,21092,26.2,19.4,16.8,7.6,5.7,3.7,12.5,60.31,45.96,53.28,43.67,85.07,36.53,60.31,49.76,100.0,EPA EJScreen Feature Service (Esri US Federal Data catalog) + CDC/ATSDR SVI 2020 USA Feature Service (data_cdc)
17147,Piatt County,17,3.66,18.68,8.85,46.8,0.21,59.78,81.27,21.18,13.31,13.86,23.33,35.45,11.17,25.74,16412,10.2,16.1,6.2,2.2,3.7,3.9,0.5,0.35,2.16,8.12,4.58,0.86,25.74,0.35,9.01,100.0,EPA EJScreen Feature Service (Esri US Federal Data catalog) + CDC/ATSDR SVI 2020 USA Feature Service (data_cdc)
17149,Pike County,20,4.17,38.6,8.61,45.71,0.2,51.86,75.08,19.99,20.1,18.4,19.52,34.16,21.38,29.05,15571,26.5,19.8,10.3,6.4,5.5,5.8,2.8,37.84,41.22,74.73,6.43,26.61,29.05,37.84,29.8,100.0,EPA EJScreen Feature Service (Esri US Federal Data catalog) + CDC/ATSDR SVI 2020 USA Feature Service (data_cdc)
17151,Pope County,4,9.04,35.95,9.03,45.82,0.2,65.51,75.67,18.81,34.74,37.83,,46.51,22.5,36.91,4177,30.6,18.6,11.2,8.4,6.8,2.2,5.5,50.86,43.28,75.88,34.21,47.87,36.91,50.86,46.17,100.0,EPA EJScreen Feature Service (Esri US Federal Data catalog) + CDC/ATSDR SVI 2020 USA Feature Service (data_cdc)
17153,Pulaski County,8,36.36,51.63,9.21,46.33,0.25,71.57,78.77,27.14,36.16,34.62,11.73,43.33,44.0,43.6,5414,34.7,16.7,10.4,10.3,6.5,4.7,0.8,52.71,44.43,68.33,75.3,37.36,43.6,52.71,56.1,100.0,EPA EJScreen Feature Service (Esri US Federal Data catalog) + CDC/ATSDR SVI 2020 USA Feature Service (data_cdc)
17155,Putnam County,8,7.76,22.73,8.67,45.89,0.24,53.75,76.1,26.23,12.27,11.11,7.81,31.21,15.24,24.82,5720,14.1,14.7,7.0,3.7,2.7,2.8,0.1,1.62,1.11,29.09,26.13,1.5,24.82,1.62,8.31,100.0,EPA EJScreen Feature Service (Esri US Federal Data catalog) + CDC/ATSDR SVI 2020 USA Feature Service (data_cdc)
17157,Randolph County,33,14.99,34.61,9.19,47.23,0.28,71.01,83.01,32.7,44.34,35.82,26.57,48.91,24.8,39.27,31973,24.9,17.6,15.2,6.6,4.4,4.9,12.0,41.63,32.46,32.72,46.56,63.78,39.27,41.63,45.38,100.0,EPA EJScreen Feature Service (Esri US Federal Data catalog) + CDC/ATSDR SVI 2020 USA Feature Service (data_cdc)
17159,Richland County,14,4.58,37.06,9.04,46.67,0.22,66.05,80.69,22.5,19.68,17.99,29.42,39.39,20.82,31.96,15677,21.1,14.7,9.0,6.5,4.7,3.5,2.0,30.65,13.69,84.31,10.66,44.43,31.96,30.65,30.65,100.0,EPA EJScreen Feature Service (Esri US Federal Data catalog) + CDC/ATSDR SVI 2020 USA Feature Service (data_cdc)
17161,Rock Island County,116,27.98,33.54,8.55,44.3,0.35,49.44,65.21,43.33,22.77,27.97,50.02,43.12,30.76,38.18,142801,22.0,22.9,11.1,8.3,5.8,5.6,3.4,68.91,45.64,84.5,66.55,73.42,38.18,68.91,55.74,100.0,EPA EJScreen Feature Service (Esri US Federal Data catalog) + CDC/ATSDR SVI 2020 USA Feature Service (data_cdc)
17163,St. Clair County,199,38.14,33.11,9.13,48.83,0.44,68.84,86.71,54.39,55.51,47.38,45.09,59.66,35.62,50.04,261186,22.9,27.9,8.3,8.7,5.4,5.9,1.4,55.44,47.99,55.98,78.26,47.36,50.04,55.44,66.07,100.0,EPA EJScreen Feature Service (Esri US Federal Data catalog) + CDC/ATSDR SVI 2020 USA Feature Service (data_cdc)
17165,Saline County,29,8.48,44.52,9.06,45.95,0.25,66.37,76.51,27.43,34.14,32.3,20.66,42.9,26.5,36.34,23735,30.6,22.2,12.6,9.9,7.9,5.7,2.0,74.12,66.65,82.97,27.02,78.99,36.34,74.12,55.49,100.0,EPA EJScreen Feature Service (Esri US Federal Data catalog) + CDC/ATSDR SVI 2020 USA Feature Service (data_cdc)
17167,Sangamon County,180,19.55,29.16,9.21,47.17,0.34,71.75,82.89,41.26,27.44,24.17,48.24,49.29,24.36,39.32,195963,21.0,23.2,7.5,7.8,5.0,3.7,2.1,43.03,25.59,51.15,55.19,62.38,39.32,43.03,46.06,100.0,EPA EJScreen Feature Service (Esri US Federal Data catalog) + CDC/ATSDR SVI 2020 USA Feature Service (data_cdc)
17169,Schuyler County,8,9.4,37.44,8.54,45.73,0.18,49.06,75.22,15.68,14.92,12.88,21.29,31.51,23.42,28.27,6897,22.9,16.9,9.0,4.2,7.2,8.2,11.8,41.09,40.39,53.63,21.48,45.64,28.27,41.09,30.15,100.0,EPA EJScreen Feature Service (Esri US Federal Data catalog) + CDC/ATSDR SVI 2020 USA Feature Service (data_cdc)
17171,Scott County,5,2.93,29.23,8.68,46.15,0.19,54.35,77.72,17.41,18.47,16.85,8.54,32.23,16.08,25.77,4982,18.9,14.4,6.1,3.6,3.6,3.1,1.0,1.78,3.79,29.98,2.39,2.04,25.77,1.78,9.68,100.0,EPA EJScreen Feature Service (Esri US Federal Data catalog) + CDC/ATSDR SVI 2020 USA Feature Service (data_cdc)
17173,Shelby County,25,2.67,32.21,9.03,47.87,0.19,65.49,85.12,17.73,14.92,13.79,22.38,36.57,17.44,28.92,21623,18.7,16.2,6.6,3.2,4.0,3.8,1.0,6.4,6.27,12.0,1.05,25.08,28.92,6.4,15.98,100.0,EPA EJScreen Feature Service (Esri US Federal Data catalog) + CDC/ATSDR SVI 2020 USA Feature Service (data_cdc)
17175,Stark County,8,4.24,32.42,8.68,45.71,0.2,54.31,75.13,18.85,9.64,8.37,,33.26,18.33,27.29,5393,22.0,15.3,10.5,3.4,3.2,5.0,1.8,1.94,14.04,6.14,11.81,1.4,27.29,1.94,11.82,100.0,EPA EJScreen Feature Service (Esri US Federal Data catalog) + CDC/ATSDR SVI 2020 USA Feature Service (data_cdc)
17177,Stephenson County,49,17.1,36.73,7.93,42.74,0.22,30.25,49.53,22.73,9.63,8.62,31.48,25.38,26.92,26.0,44683,24.2,24.1,7.9,9.0,6.8,5.1,1.8,55.16,46.59,74.79,52.1,46.94,26.0,55.16,33.16,100.0,EPA EJScreen Feature Service (Esri US Federal Data catalog) + CDC/ATSDR SVI 2020 USA Feature Service (data_cdc)
17179,Tazewell County,86,5.9,24.47,9.28,47.43,0.28,73.93,83.73,32.72,20.97,17.67,37.97,44.5,15.18,32.77,132524,15.7,18.6,6.8,6.0,4.2,4.5,2.0,9.48,8.34,16.07,16.55,26.7,32.77,9.48,22.56,100.0,EPA EJScreen Feature Service (Esri US Federal Data catalog) + CDC/ATSDR SVI 2020 USA Feature Service (data_cdc)
17181,Union County,16,8.97,39.13,9.29,46.53,0.23,74.48,79.93,23.85,36.65,30.53,25.47,45.15,24.05,36.71,16829,27.6,19.3,10.8,7.8,5.2,6.2,2.8,51.72,42.46,48.79,29.28,77.21,36.71,51.72,46.27,100.0,EPA EJScreen Feature Service (Esri US Federal Data catalog) + CDC/ATSDR SVI 2020 USA Feature Service (data_cdc)
17183,Vermilion County,66,21.5,39.38,8.63,45.09,0.28,52.57,71.71,32.74,16.75,15.29,40.98,38.34,30.44,35.18,76704,29.0,21.4,10.4,9.4,5.8,5.5,3.5,65.82,49.27,76.54,57.86,70.91,35.18,65.82,50.31,100.0,EPA EJScreen Feature Service (Esri US Federal Data catalog) + CDC/ATSDR SVI 2020 USA Feature Service (data_cdc)
17185,Wabash County,14,5.66,31.2,9.05,46.27,0.21,66.29,78.41,20.78,23.99,21.25,35.53,41.04,18.43,32.0,11390,23.7,18.3,8.4,10.3,4.4,6.1,0.8,40.96,23.36,87.27,14.45,47.64,32.0,40.96,35.18,100.0,EPA EJScreen Feature Service (Esri US Federal Data catalog) + CDC/ATSDR SVI 2020 USA Feature Service (data_cdc)
17187,Warren County,22,16.63,32.98,8.49,44.93,0.22,47.22,70.73,22.76,11.13,10.77,23.56,31.03,24.8,28.54,16981,21.1,16.8,12.0,5.7,8.5,5.6,6.7,53.28,39.27,57.92,50.06,68.81,28.54,53.28,35.81,100.0,EPA EJScreen Feature Service (Esri US Federal Data catalog) + CDC/ATSDR SVI 2020 USA Feature Service (data_cdc)
17189,Washington County,19,3.87,23.6,9.15,47.87,0.22,69.63,85.03,23.26,25.69,23.53,18.63,40.96,13.74,30.07,13967,13.3,16.6,8.4,3.4,5.2,2.7,1.8,5.09,9.55,17.19,4.26,9.01,30.07,5.09,16.98,100.0,EPA EJScreen Feature Service (Esri US Federal Data catalog) + CDC/ATSDR SVI 2020 USA Feature Service (data_cdc)
17191,Wayne County,19,3.73,35.96,9.02,46.57,0.2,65.3,80.14,18.84,22.41,20.26,23.73,38.45,19.84,31.01,16309,23.5,18.0,12.5,9.0,3.7,10.5,0.4,43.86,38.19,63.21,3.44,60.12,31.01,43.86,35.09,100.0,EPA EJScreen Feature Service (Esri US Federal Data catalog) + CDC/ATSDR SVI 2020 USA Feature Service (data_cdc)
17193,White County,16,3.48,35.95,9.0,46.05,0.2,64.53,77.15,18.98,26.18,23.71,27.4,39.66,19.72,31.68,13712,28.6,17.8,9.1,6.7,6.0,6.2,2.9,43.83,40.29,71.74,3.44,48.73,31.68,43.83,35.99,100.0,EPA EJScreen Feature Service (Esri US Federal Data catalog) + CDC/ATSDR SVI 2020 USA Feature Service (data_cdc)
17195,Whiteside County,63,15.27,30.58,8.34,43.62,0.28,41.88,57.76,32.2,12.01,13.26,33.53,31.77,22.92,28.23,55583,16.9,20.0,8.7,5.1,3.7,5.4,1.9,25.49,14.1,73.71,47.77,20.88,28.23,25.49,23.32,100.0,EPA EJScreen Feature Service (Esri US Federal Data catalog) + CDC/ATSDR SVI 2020 USA Feature Service (data_cdc)
17197,Will County,393,35.78,19.09,9.26,46.74,0.58,73.14,80.97,70.67,37.57,41.21,45.0,58.09,27.44,45.83,689704,11.7,22.6,8.5,3.3,4.9,5.1,1.3,24.12,20.11,40.61,76.23,14.96,45.83,24.12,46.73,100.0,EPA EJScreen Feature Service (Esri US Federal Data catalog) + CDC/ATSDR SVI 2020 USA Feature Service (data_cdc)
17199,Williamson County,56,10.11,33.92,9.37,46.7,0.27,77.09,80.79,30.96,37.62,33.07,33.82,48.89,22.02,38.14,66929,22.4,22.9,7.6,6.9,5.3,5.8,3.1,43.0,34.21,68.97,34.21,41.47,38.14,43.0,44.44,100.0,EPA EJScreen Feature Service (Esri US Federal Data catalog) + CDC/ATSDR SVI 2020 USA Feature Service (data_cdc)
17201,Winnebago County,263,30.36,35.25,8.32,43.94,0.35,41.19,60.95,43.37,25.05,19.25,52.77,40.43,32.8,37.38,283635,25.4,26.3,12.2,8.6,7.8,6.1,1.5,76.29,69.64,85.93,70.43,54.84,37.38,76.29,57.85,100.0,EPA EJScreen Feature Service (Esri US Federal Data catalog) + CDC/ATSDR SVI 2020 USA Feature Service (data_cdc)
17203,Woodford County,30,4.44,20.6,8.99,47.05,0.22,64.49,82.27,22.27,13.27,11.53,21.74,35.93,12.52,26.57,38503,12.2,18.1,5.5,3.8,3.6,4.2,2.8,2.26,3.28,13.3,7.03,8.08,26.57,2.26,10.98,100.0,EPA EJScreen Feature Service (Esri US Federal Data catalog) + CDC/ATSDR SVI 2020 USA Feature Service (data_cdc)
